Date,Open,High,Low,Close,Volume
2023-12-29,153.1,153.89,151.03,151.94,39823204
2023-12-28,153.72,154.08,152.95,153.38,27057002
2023-12-27,153.56,154.78,153.12,153.34,31434733
2023-12-26,153.56,153.975,153.03,153.41,25067222
2023-12-22,153.77,154.35,152.71,153.42,29514093
2023-12-21,153.3,153.97,152.1,153.84,36305733
2023-12-20,152.9,155.63,151.56,152.12,50322106
2023-12-19,154.4,155.12,152.69,153.79,43171292
2023-12-18,150.56,154.855,150.05,154.07,62512828
2023-12-15,148.38,150.57,147.88,149.97,110089342
2023-12-14,149.93,150.54,145.52,147.42,58400848
2023-12-13,148.12,149.46,146.82,148.84,52766196
2023-12-12,145.52,147.5,145.3,147.48,44944264
2023-12-11,145.66,146.19,143.64,145.89,50907288
2023-12-08,145.48,147.84,145.4,147.42,41905965
2023-12-07,146.15,147.92,145.34,146.88,52352830
2023-12-06,147.58,147.85,144.28,144.52,39678960
2023-12-05,143.55,148.57,143.13,146.88,46822411
2023-12-04,145.25,145.35,142.81,144.84,48294244
2023-12-01,146.0,147.245,145.55,147.03,39951833
2023-11-30,144.76,146.93,144.332,146.09,65814022
2023-11-29,147.85,148.54,145.97,146.32,40610907
2023-11-28,146.98,147.5999,145.53,147.03,42711682
2023-11-27,147.53,149.26,146.88,147.73,53762428
2023-11-24,146.7,147.2,145.32,146.74,22378379
2023-11-22,144.57,147.74,144.57,146.71,45700002
2023-11-21,143.91,144.05,141.5,143.9,71225992
2023-11-20,145.13,146.63,144.725,146.13,41978766
2023-11-17,142.66,145.23,142.545,145.18,49678437
2023-11-16,140.91,143.32,139.52,142.83,49653512
2023-11-15,147.06,147.29,142.59,143.2,63875720
2023-11-14,145.0,147.26,144.68,145.8,56674551
2023-11-13,142.08,143.23,140.67,142.59,35680570
2023-11-10,140.46,143.65,139.91,143.56,49349937
2023-11-09,142.02,142.65,139.84,140.6,36235367
2023-11-08,142.97,143.12,141.2183,142.08,44521658
2023-11-07,140.55,143.37,140.5,142.71,53553537
2023-11-06,138.76,140.73,138.36,139.74,44970417
2023-11-03,138.99,139.49,137.45,138.6,44059805
2023-11-02,138.73,138.81,136.47,138.07,52236693
2023-11-01,133.96,137.35,133.71,137.0,61529409
2023-10-31,132.75,133.57,131.71,133.09,51589380
2023-10-30,129.72,133.0,128.56,132.71,72485542
2023-10-27,126.2,130.02,125.52,127.74,125309313
2023-10-26,120.63,121.6393,118.35,119.57,100419516
2023-10-25,126.04,126.34,120.79,121.39,74577544
2023-10-24,127.74,128.8,126.34,128.56,46477355
2023-10-23,124.63,127.88,123.98,126.56,48259953
2023-10-20,128.05,128.17,124.97,125.17,56406410
2023-10-19,130.565,132.24,127.47,128.4,60961355
2023-10-18,129.9,130.6699,127.51,128.13,42699479
2023-10-17,130.39,132.58,128.71,131.47,49344550
2023-10-16,130.69,133.07,130.425,132.55,42832918
2023-10-13,132.98,133.3145,128.95,129.79,45824685
2023-10-12,132.17,134.48,131.23,132.33,55528581
2023-10-11,129.74,132.05,129.61,131.83,40741842
2023-10-10,128.82,130.74,128.05,129.48,42178619
2023-10-09,126.22,128.79,124.76,128.26,38773738
2023-10-06,124.16,128.45,124.13,127.96,46836698
2023-10-05,126.71,126.73,124.33,125.96,39660643
2023-10-04,126.06,127.36,125.68,127.0,44203870
2023-10-03,128.06,128.52,124.2544,124.72,51564991
2023-10-02,127.28,130.47,126.54,129.46,48029744
2023-09-29,128.2,129.15,126.32,127.12,62411730
2023-09-28,124.04,126.5801,123.04,125.98,54554968
2023-09-27,125.76,127.48,124.13,125.98,66553449
2023-09-26,130.12,130.39,125.28,125.98,73048207
2023-09-25,129.36,131.78,128.77,131.27,46017825
2023-09-22,131.11,132.03,128.52,129.12,59904348
2023-09-21,131.94,132.24,129.31,129.33,70343342
2023-09-20,138.55,139.37,135.2,135.29,46263716
2023-09-19,138.7,138.84,135.56,137.63,61482470
2023-09-18,140.48,141.75,139.22,139.98,42823480
2023-09-15,142.69,143.57,140.09,140.39,102909327
2023-09-14,145.08,145.86,142.95,144.72,64033607
2023-09-13,140.95,144.98,140.865,144.85,60465175
2023-09-12,142.32,143.0,140.61,141.23,42668452
2023-09-11,138.75,143.62,138.64,143.1,56764525
2023-09-08,136.86,138.8519,136.75,138.23,38365929
2023-09-07,133.9,138.03,133.16,137.85,48498912
2023-09-06,136.32,137.45,134.61,135.36,41785507
2023-09-05,137.73,137.8,135.82,137.27,40636738
2023-09-01,139.455,139.96,136.875,138.12,40991536
2023-08-31,135.06,138.7885,135.0,138.01,58781314
2023-08-30,134.93,135.68,133.92,135.07,36137015
2023-08-29,133.38,135.14,133.25,134.91,38646093
2023-08-28,133.78,133.95,131.85,133.14,34108410
2023-08-25,132.47,133.87,130.58,133.26,44147451
2023-08-24,136.4,136.775,131.83,131.84,43646250
2023-08-23,134.5,135.95,133.22,135.52,42801043
2023-08-22,135.08,135.65,133.73,134.25,32935104
2023-08-21,133.74,135.185,132.71,134.68,41442483
2023-08-18,131.62,134.065,131.15,133.22,48497698
2023-08-17,135.46,136.085,133.53,133.98,48354085
2023-08-16,137.19,137.27,135.01,135.07,41675903
2023-08-15,140.05,141.2778,137.23,137.67,42781521
2023-08-14,138.3,140.59,137.75,140.57,47148699
2023-08-11,137.4,139.33,137.0,138.41,42905833
2023-08-10,139.075,140.41,137.49,138.56,58928402
2023-08-09,139.97,140.32,137.1,137.85,50017349
2023-08-08,140.62,140.84,138.42,139.94,51710497
2023-08-07,140.99,142.54,138.95,142.22,71213112
2023-08-04,141.06,143.63,139.32,139.57,153128470
2023-08-03,127.48,129.84,126.41,128.91,91163736
2023-08-02,130.154,130.23,126.82,128.21,51027614
2023-08-01,133.55,133.69,131.6199,131.69,42298925
2023-07-31,133.2,133.87,132.38,133.68,41901516
2023-07-28,129.69,133.01,129.33,132.21,46317381
2023-07-27,131.0,132.63,127.79,128.25,52610661
2023-07-26,126.51,129.08,126.11,128.15,53910087
2023-07-25,129.31,129.58,128.53,129.13,39236663
2023-07-24,130.305,131.66,128.35,128.8,45671535
2023-07-21,131.34,131.37,128.415,130.0,133307294
2023-07-20,134.07,134.7915,129.33,129.96,59820579
2023-07-19,133.39,135.99,132.53,135.36,54531037
2023-07-18,132.71,133.86,131.355,132.83,54969133
2023-07-17,134.56,135.62,133.21,133.56,48450198
2023-07-14,134.06,136.65,134.06,134.68,54487090
2023-07-13,134.04,134.67,132.71,134.3,61170883
2023-07-12,130.31,131.26,128.83,130.8,54022847
2023-07-11,127.75,129.77,127.35,128.78,49951460
2023-07-10,129.07,129.28,125.915,127.13,61889289
2023-07-07,128.59,130.97,128.1294,129.78,41992251
2023-07-06,128.25,128.73,127.37,128.36,40697848
2023-07-05,130.24,131.4,129.64,130.38,35895409
2023-07-03,130.82,131.85,130.065,130.22,28264785
2023-06-30,129.47,131.245,128.95,130.36,54350684
2023-06-29,128.77,129.26,127.255,127.9,40760959
2023-06-28,128.94,131.48,128.44,129.04,52149512
2023-06-27,128.63,130.085,127.55,129.18,46801008
2023-06-26,130.27,131.49,127.1,127.33,59989317
2023-06-23,129.11,130.84,128.28,129.33,71927776
2023-06-22,125.31,130.33,125.14,130.15,90354572
2023-06-21,125.64,126.73,123.85,124.83,52137670
2023-06-20,124.97,127.25,124.5,125.78,56930122
2023-06-16,127.71,127.9,125.3,125.49,84247104
2023-06-15,125.21,127.69,124.32,127.11,60458471
2023-06-14,126.7,126.95,124.12,126.42,52422463
2023-06-13,128.12,128.41,125.18,126.66,50564785
2023-06-12,124.02,126.78,123.53,126.57,51473376
2023-06-09,124.08,125.8,123.19,123.43,51396018
2023-06-08,123.01,125.625,122.2579,124.25,62159270
2023-06-07,127.01,127.365,120.63,121.23,95663275
2023-06-06,125.07,127.4,125.0,126.61,45695212
2023-06-05,123.36,125.8,123.03,125.3,47950128
2023-06-02,124.92,126.39,124.015,124.25,61264414
2023-06-01,120.69,123.49,119.93,122.77,54375131
2023-05-31,121.45,122.04,119.17,120.58,72800787
2023-05-30,122.37,122.92,119.855,121.66,64314808
2023-05-26,116.04,121.5,116.02,120.11,96779889
2023-05-25,116.63,116.87,114.31,115.0,66496681
2023-05-24,115.35,117.34,115.02,116.75,63487938
2023-05-23,114.27,117.14,113.78,114.99,67576262
2023-05-22,116.77,116.77,114.25,115.01,70741123
2023-05-19,118.16,118.31,115.7,116.25,55056307
2023-05-18,116.69,118.6,116.335,118.15,73174087
2023-05-17,114.89,115.83,114.22,115.5,65655177
2023-05-16,111.05,114.7899,111.05,113.4,71472908
2023-05-15,111.15,112.29,109.25,111.2,53011145
2023-05-12,112.16,112.64,109.3185,110.26,49852671
2023-05-11,111.03,113.28,110.49,112.18,74924841
2023-05-10,108.1,110.67,108.05,110.19,78627616
2023-05-09,105.48,106.79,105.1567,106.62,44089359
2023-05-08,105.04,106.095,104.7001,105.83,49430909
2023-05-05,104.27,105.76,103.55,105.655,56951744
2023-05-04,104.04,105.39,103.3117,104.0,45345523
2023-05-03,103.735,105.96,103.28,103.65,65051925
2023-05-02,101.47,103.9,101.15,103.63,73469350
2023-05-01,104.95,105.23,101.82,102.05,74728096
2023-04-28,107.73,109.48,104.33,105.45,130715946
2023-04-27,108.16,110.86,106.8,109.82,149961167
2023-04-26,105.04,106.62,104.1,104.98,73803790
2023-04-25,104.91,105.45,102.45,102.57,65026818
2023-04-24,107.655,109.23,105.07,106.21,69575610
2023-04-21,106.1,108.15,105.08,106.96,86774185
2023-04-20,103.53,105.25,103.21,103.81,57696866
2023-04-19,101.58,105.12,101.39,104.3,58398890
2023-04-18,103.95,104.2,101.52,102.3,39790518
2023-04-17,103.16,103.73,101.59,102.74,39919457
2023-04-14,102.07,103.2013,101.11,102.51,51450522
2023-04-13,98.95,102.57,98.71,102.4,67925138
2023-04-12,100.4,100.51,97.705,97.83,56735007
2023-04-11,100.8,101.0,99.01,99.92,60417847
2023-04-10,100.96,102.2,99.57,102.17,37261185
2023-04-06,100.75,102.3817,99.8008,102.06,43808020
2023-04-05,103.91,103.91,100.7506,101.1,45175393
2023-04-04,102.75,104.2,102.11,103.95,48662496
2023-04-03,102.3,103.29,101.43,102.41,41135733
2023-03-31,102.16,103.49,101.95,103.29,56750317
2023-03-30,101.55,103.04,101.01,102.0,53633398
2023-03-29,98.69,100.4218,98.56,100.25,49783279
2023-03-28,98.11,98.44,96.29,97.24,38720050
2023-03-27,99.07,99.34,97.08,98.04,46721296
2023-03-24,98.065,98.3,96.4,98.13,56144801
2023-03-23,100.43,101.06,97.62,98.71,57559310
2023-03-22,100.45,102.1,98.61,98.7,57475365
2023-03-21,98.14,100.845,98.0,100.61,58597275
2023-03-20,98.41,98.48,95.7,97.71,62388911
2023-03-17,99.79,100.66,97.455,98.95,87300242
2023-03-16,95.75,100.99,95.61,100.04,84558934
2023-03-15,93.22,96.67,93.07,96.2,70731792
2023-03-14,93.83,95.07,92.71,94.88,60912674
2023-03-13,89.97,94.02,88.12,92.43,72397053
2023-03-10,92.67,93.57,90.245,90.73,69827490
2023-03-09,93.68,96.21,92.18,92.25,56218705
2023-03-08,93.6,94.165,92.18,93.92,44899128
2023-03-07,94.06,95.09,92.78,93.55,49100668
2023-03-06,95.19,96.545,93.74,93.75,52112355
2023-03-03,92.74,94.94,92.66,94.9,55759609
2023-03-02,91.41,92.23,90.39,92.13,55574820
2023-03-01,93.87,94.68,91.59,92.17,52299524
2023-02-28,93.14,94.69,92.92,94.23,43959290
2023-02-27,94.28,94.78,93.14,93.76,47470321
2023-02-24,93.53,94.14,92.3186,93.5,57053812
2023-02-23,96.12,96.43,93.67,95.82,48466994
2023-02-22,95.1,97.01,94.8,95.79,59534094
2023-02-21,95.335,95.605,94.27,94.58,56580360
2023-02-17,97.8,97.94,95.65,97.2,60029405
2023-02-16,99.21,100.63,98.1,98.15,56339173
2023-02-15,99.09,101.17,98.45,101.16,48053879
2023-02-14,98.41,100.9207,97.52,99.7,56202898
2023-02-13,97.85,99.68,96.91,99.54,52841464
2023-02-10,97.56,98.8163,96.23,97.61,52740133
2023-02-09,101.32,101.78,97.57,98.24,64622489
2023-02-08,102.04,102.6699,98.775,100.05,75878304
2023-02-07,101.17,102.41,98.08,102.11,119501301
2023-02-06,102.925,103.9484,100.65,102.18,81945199
2023-02-03,105.26,108.78,102.52,103.39,144374828
2023-02-02,110.245,114.0,108.88,112.91,158154243
2023-02-01,102.53,106.24,101.24,105.15,80450121
2023-01-31,101.155,103.3484,101.14,103.13,66527253
2023-01-30,101.09,101.74,99.01,100.55,70691860
2023-01-27,99.53,103.485,99.53,102.24,87775614
2023-01-26,98.235,99.49,96.92,99.22,68523557
2023-01-25,92.56,97.24,91.52,97.18,94261570
2023-01-24,96.93,98.09,96.0,96.32,66929452
2023-01-23,97.56,97.78,95.86,97.52,76501103
2023-01-20,93.86,97.354,93.2025,97.25,67481539
2023-01-19,94.74,95.44,92.86,93.68,69002663
2023-01-18,97.25,99.32,95.38,95.46,79570370
2023-01-17,98.68,98.89,95.73,96.05,72755001
2023-01-13,94.18,98.37,94.12,98.12,85549432
2023-01-12,96.93,97.19,93.5,95.27,85254781
2023-01-11,90.93,95.26,90.93,95.09,103126183
2023-01-10,87.57,90.185,87.29,89.87,67756601
2023-01-09,87.46,89.48,87.08,87.36,65266056
2023-01-06,83.03,86.4,81.43,86.08,83303361
2023-01-05,85.33,85.42,83.07,83.12,67930825
2023-01-04,86.55,86.98,83.36,85.14,68885123
2023-01-03,85.46,86.96,84.205,85.82,76706040
2022-12-30,83.12,84.05,82.47,84.0,62401194
2022-12-29,82.87,84.55,82.55,84.18,54995895
2022-12-28,82.8,83.48,81.69,81.82,58228575
2022-12-27,84.97,85.35,83.0,83.04,57284035
2022-12-23,83.25,85.78,82.9344,85.25,57433655
2022-12-22,85.52,85.68,82.25,83.79,81431314
2022-12-21,86.175,87.225,85.21,86.77,59267156
2022-12-20,85.33,86.61,84.33,85.19,74348301
2022-12-19,87.51,87.63,84.51,84.92,83531460
2022-12-16,88.265,89.35,86.73,87.86,146144064
2022-12-15,89.89,89.97,87.47,88.45,84802877
2022-12-14,92.502,93.4581,89.87,91.58,70298006
2022-12-13,95.23,96.25,90.52,92.49,100212038
2022-12-12,89.21,90.58,87.87,90.55,61999762
2022-12-09,88.9,90.3,88.63,89.09,67398506
2022-12-08,89.24,90.86,87.88,90.35,73305887
2022-12-07,88.34,89.89,87.48,88.46,68086880
2022-12-06,90.5,91.04,87.9,88.25,75503628
2022-12-05,93.05,94.06,90.82,91.01,71535526
2022-12-02,94.475,95.36,93.78,94.13,72496388
2022-12-01,96.99,97.23,94.92,95.5,68487969
2022-11-30,92.47,96.54,91.525,96.54,102805806
2022-11-29,94.04,94.41,91.44,92.42,65567286
2022-11-28,93.93,96.4,93.43,93.95,75062316
2022-11-25,93.79,94.43,93.065,93.41,35088609
2022-11-23,93.24,94.58,92.83,94.13,59414684
2022-11-22,92.62,93.35,90.87,93.2,62191962
2022-11-21,93.97,95.02,90.59,92.46,84330270
2022-11-18,95.95,95.99,92.48,94.14,72428185
2022-11-17,95.37,96.97,94.03,94.85,82617865
2022-11-16,96.85,98.4879,95.54,97.12,87958828
2022-11-15,103.21,103.79,97.34,98.94,111336317
2022-11-14,98.77,100.1199,97.29,98.49,99533072
2022-11-11,97.88,101.19,96.66,100.79,111590544
2022-11-10,92.935,98.69,91.65,96.63,173414862
2022-11-09,89.47,89.48,85.87,86.14,90796249
2022-11-08,90.79,91.72,88.23,89.98,88703370
2022-11-07,91.95,92.1,89.04,90.53,77495728
2022-11-04,91.49,92.44,88.04,90.98,129101336
2022-11-03,92.47,93.5,89.02,89.3,136683303
2022-11-02,97.315,97.74,92.01,92.12,135761798
2022-11-01,103.99,104.58,96.06,96.79,153370032
2022-10-31,103.56,104.87,100.74,102.44,99251395
2022-10-28,97.905,103.96,97.66,103.41,223133398
2022-10-27,113.92,114.12,109.77,110.96,129605362
2022-10-26,116.0,119.3457,114.76,115.66,69002457
2022-10-25,119.65,121.3152,118.95,120.6,50934609
2022-10-24,119.98,120.39,116.57,119.82,49531523
2022-10-21,114.792,119.59,114.5,119.32,55660485
2022-10-20,113.83,118.24,113.51,115.25,48795104
2022-10-19,114.71,116.5932,113.22,115.07,47198122
2022-10-18,119.06,119.52,114.79,116.36,65607448
2022-10-17,110.11,114.19,110.09,113.79,62781985
2022-10-14,114.1,114.96,106.6,106.9,67737344
2022-10-13,107.88,113.44,105.345,112.53,86868103
2022-10-12,112.49,113.83,111.4,112.9,45728660
2022-10-11,112.71,115.48,110.39,112.21,56432233
2022-10-10,115.1,116.25,112.43,113.67,42339675
2022-10-07,118.0,118.17,113.88,114.56,54677980
2022-10-06,120.77,121.53,119.5,120.3,42253755
2022-10-05,118.58,121.75,117.69,120.95,48217535
2022-10-04,119.89,123.0,119.79,121.09,62812564
2022-10-03,113.58,116.91,112.45,115.88,50941854
2022-09-30,114.075,116.92,112.84,113.0,59479586
2022-09-29,115.6,116.07,113.06,114.8,58969714
2022-09-28,114.38,118.7,113.8,118.01,55763750
2022-09-27,117.195,118.32,113.05,114.41,60094693
2022-09-26,113.295,117.34,113.13,115.15,62723268
2022-09-23,116.0,116.05,112.06,113.78,65126665
2022-09-22,117.08,118.79,116.26,117.31,55229190
2022-09-21,122.49,123.76,118.45,118.54,58498887
2022-09-20,123.35,124.3963,121.14,122.19,47698432
2022-09-19,122.16,124.71,121.8,124.66,47279727
2022-09-16,122.78,123.87,120.7,123.53,115667804
2022-09-15,127.38,130.37,125.495,126.28,52887196
2022-09-14,127.364,128.84,126.33,128.55,45316772
2022-09-13,131.01,131.4,126.27,126.82,72694010
2022-09-12,134.095,136.49,134.0,136.45,53826859
2022-09-09,130.91,133.69,130.76,133.27,49422259
2022-09-08,127.72,130.28,127.1,129.82,43988509
2022-09-07,126.12,129.82,125.4,129.48,47834487
2022-09-06,127.92,128.62,124.74,126.11,43888587
2022-09-02,129.5,131.38,126.39,127.51,57429829
2022-09-01,126.0,128.02,123.66,127.82,56636145
2022-08-31,129.45,130.59,126.74,126.77,53648702
2022-08-30,131.25,132.0745,126.85,128.73,49202990
2022-08-29,129.9,131.9499,128.77,129.79,48101638
2022-08-26,136.55,137.83,130.5,130.75,53322663
2022-08-25,135.26,137.42,134.28,137.28,37496283
2022-08-24,132.75,135.47,132.1,133.8,38626978
2022-08-23,133.41,134.99,132.95,133.62,36252103
2022-08-22,135.72,136.32,132.85,133.22,50461504
2022-08-19,140.47,141.11,137.9142,138.23,47792843
2022-08-18,141.32,142.77,140.38,142.3,37458737
2022-08-17,142.69,143.38,140.78,142.1,48149778
2022-08-16,143.905,146.57,142.0,144.78,59102859
2022-08-15,142.8,143.76,141.49,143.18,39014583
2022-08-12,142.05,143.57,140.1201,143.55,47643484
2022-08-11,143.86,144.49,139.76,140.64,44867336
2022-08-10,142.9,144.6,141.01,142.69,54773819
2022-08-09,138.052,138.9523,136.21,137.83,40434715
2022-08-08,142.05,144.23,138.29,139.41,52303475
2022-08-05,140.1,142.86,139.6,140.8,50686865
2022-08-04,140.58,143.56,139.55,142.57,70585020
2022-08-03,136.21,140.49,136.05,139.52,71827780
2022-08-02,134.72,137.44,134.09,134.16,61922429
2022-08-01,134.96,138.8339,133.51,135.39,76846908
2022-07-29,134.9,137.65,132.41,134.95,148892889
2022-07-28,121.57,122.84,118.08,122.28,82245543
2022-07-27,117.31,121.9,117.16,120.97,61582015
2022-07-26,115.79,118.15,114.53,114.81,67075064
2022-07-25,122.695,123.64,120.03,121.14,50221259
2022-07-22,125.01,125.5,121.3504,122.42,51463797
2022-07-21,123.2,124.85,121.26,124.63,60239892
2022-07-20,118.615,123.475,118.32,122.77,71268322
2022-07-19,115.7,118.95,114.03,118.21,60990043
2022-07-18,115.0,117.24,113.15,113.76,59115419
2022-07-15,112.5,115.59,111.59,113.55,84317816
2022-07-14,110.24,111.18,107.58,110.63,51163140
2022-07-13,107.03,111.78,106.01,110.4,61353812
2022-07-12,112.16,113.23,108.34,109.22,54280257
2022-07-11,114.08,114.3,110.87,111.75,53540019
2022-07-08,114.6,116.58,113.69,115.54,45719694
2022-07-07,113.85,116.99,113.49,116.33,57872323
2022-07-06,113.21,115.48,112.01,114.33,66958884
2022-07-05,107.6,114.08,106.3242,113.5,76684414
2022-07-01,106.29,109.75,105.8469,109.56,73021171
2022-06-30,108.11,108.18,102.52,106.21,97679401
2022-06-29,107.38,110.99,106.91,108.92,66375341
2022-06-28,113.5,114.85,107.04,107.4,75172028
2022-06-27,117.09,117.98,112.7,113.22,62133240
2022-06-24,112.38,116.71,111.43,116.46,69867618
2022-06-23,110.39,113.0,107.93,112.44,64345300
2022-06-22,107.43,112.13,107.02,108.95,60040131
2022-06-21,108.2,111.6299,103.56,108.68,70901245
2022-06-17,102.8,106.98,102.51,106.22,99772147
2022-06-16,104.47,104.58,102.01,103.66,82186301
2022-06-15,103.86,109.06,103.53,107.67,85011060
2022-06-14,104.19,104.88,101.43,102.31,69728761
2022-06-13,104.19,106.54,101.86,103.67,99277742
2022-06-10,113.415,114.5,109.05,109.65,87412245
2022-06-09,119.99,121.3,116.1,116.15,67029842
2022-06-08,122.61,123.75,120.75,121.18,64926594
2022-06-07,122.005,124.1,120.63,123.0,85156712
2022-06-06,125.245,128.99,123.81,124.79,135269024
2022-06-03,124.2,124.4,121.046,122.35,97603320
2022-06-02,121.684,125.61,120.045,125.511,100560680
2022-06-01,122.256,125.179,120.622,121.684,127528980
2022-05-31,116.28,121.994,115.675,120.21,144634160
2022-05-27,113.55,115.187,112.628,115.146,93660160
2022-05-26,107.97,112.665,107.454,111.078,93002600
2022-05-25,103.656,108.175,103.65,106.775,93120100
2022-05-24,104.025,105.4,101.26,104.1,102934680
2022-05-23,108.461,108.819,103.95,107.557,107797360
2022-05-20,109.568,109.898,105.009,107.591,99500640
2022-05-19,106.28,110.034,106.193,107.319,88142540
2022-05-18,111.44,112.853,106.249,107.112,108379180
2022-05-17,113.275,115.8,111.277,115.368,76447740
2022-05-16,113.1,113.992,110.354,110.81,74565740
2022-05-13,109.069,113.184,107.8,113.055,93684560
2022-05-12,102.75,110.781,102.406,106.931,132025140
2022-05-11,108.104,110.156,104.429,105.372,109703640
2022-05-10,111.25,112.642,107.171,108.859,105433820
2022-05-09,111.312,114.0,107.957,108.789,128124380
2022-05-06,114.85,119.051,113.081,114.772,124259900
2022-05-05,123.0,123.499,115.072,116.407,144391220
2022-05-04,123.6,126.0,119.183,125.929,110745360
2022-05-03,124.054,126.22,122.825,124.254,79133360
2022-05-02,122.401,124.668,118.375,124.5,148788980
2022-04-29,129.849,130.761,121.625,124.282,272661720
2022-04-28,142.178,145.938,140.3,144.596,117316940
2022-04-27,140.192,141.948,135.784,138.167,71336300
2022-04-26,144.8,144.856,138.93,139.391,77529160
2022-04-25,144.023,146.222,142.307,146.074,61874980
2022-04-22,148.25,149.615,143.698,144.35,73078580
2022-04-21,154.714,156.738,147.59,148.296,63969320
2022-04-20,157.603,157.603,153.604,153.998,59630020
2022-04-19,152.03,158.649,151.55,158.116,54926420
2022-04-18,151.523,154.04,150.251,152.785,46513520
2022-04-14,155.39,155.897,151.472,151.706,51598140
2022-04-13,150.018,156.025,149.6,155.541,53390880
2022-04-12,153.692,155.099,150.383,150.788,55177440
2022-04-11,152.713,154.136,150.534,151.122,52112340
2022-04-08,156.75,157.368,154.231,154.46,46001660
2022-04-07,158.4,160.079,154.512,157.784,68136780
2022-04-06,161.651,162.2,157.254,158.756,79055760
2022-04-05,167.742,168.11,163.266,164.055,53728560
2022-04-04,164.125,168.394,163.206,168.346,50007960
2022-04-01,164.15,165.827,162.32,163.56,57089500
2022-03-31,166.445,166.495,162.954,162.998,59965780
2022-03-30,168.51,168.95,165.5,166.301,56167260
2022-03-29,170.384,170.832,167.868,169.315,66153600
2022-03-28,164.975,169.038,164.9,168.99,59853820
2022-03-25,164.0,165.368,162.25,164.773,49085500
2022-03-24,163.749,164.118,160.05,163.65,56798060
2022-03-23,163.705,166.37,162.687,163.408,55811860
2022-03-22,161.806,166.167,161.699,164.889,64086120
2022-03-21,161.121,163.084,159.553,161.492,66537520
2022-03-18,156.813,161.594,156.011,161.251,102962760
2022-03-17,152.64,157.498,152.14,157.239,72934840
2022-03-16,148.5,153.15,147.354,153.104,84957680
2022-03-15,142.85,147.985,142.0,147.366,75584600
2022-03-14,145.981,147.45,140.884,141.853,74086100
2022-03-11,149.574,149.675,145.369,145.524,68900560
2022-03-10,145.685,148.674,143.978,146.818,135062900
2022-03-09,139.5,140.25,136.828,139.279,82656660
2022-03-08,136.684,140.7,133.572,136.014,91662580
2022-03-07,145.444,146.094,137.416,137.453,86933860
2022-03-04,147.159,147.85,143.807,145.641,60983120
2022-03-03,153.532,153.929,146.856,147.898,65197200
2022-03-02,150.908,152.999,148.75,152.052,47334720
2022-03-01,152.733,154.099,149.977,151.142,44873580
2022-02-28,152.425,154.45,150.85,153.563,57683420
2022-02-25,150.55,153.99,149.214,153.788,62395360
2022-02-24,139.838,151.749,139.5,151.358,100785760
2022-02-23,151.651,151.763,144.651,144.827,64243560
2022-02-22,150.478,152.983,148.486,150.198,66128240
2022-02-18,155.499,155.499,150.893,152.602,63604100
2022-02-17,158.146,160.349,154.5,154.652,64032500
2022-02-16,155.79,158.834,154.734,158.1,52704280
2022-02-15,157.606,158.007,154.638,156.51,56970660
2022-02-14,151.751,158.448,151.65,155.167,83230700
2022-02-11,158.135,159.0,152.734,153.294,77100440
2022-02-10,158.35,160.716,157.75,159.004,68268120
2022-02-09,162.873,163.834,160.25,161.19,68785600
2022-02-08,156.751,161.792,155.55,161.414,76040360
2022-02-07,158.52,162.691,157.25,157.936,102624380
2022-02-04,155.606,161.2,150.608,157.64,253455860
2022-02-03,141.738,144.248,138.333,138.846,225531360
2022-02-02,155.05,155.075,148.864,150.612,87329760
2022-02-01,150.0,151.708,147.628,151.194,59219840
2022-01-31,144.75,150.36,144.301,149.574,78307440
2022-01-28,140.86,143.998,137.929,143.978,74391980
2022-01-27,140.8,144.243,139.35,139.638,77515800
2022-01-26,144.75,145.185,137.318,138.872,95601700
2022-01-25,142.242,143.6,138.145,139.986,90824660
2022-01-24,139.0,144.945,135.352,144.544,156044740
2022-01-21,149.95,150.9,142.07,142.643,163971440
2022-01-20,156.766,158.0,151.351,151.668,71973320
2022-01-19,158.762,159.25,156.25,156.299,53241920
2022-01-18,159.105,159.734,157.664,158.918,67441440
2022-01-14,160.15,162.25,159.8,162.138,45974860
2022-01-13,165.251,166.221,161.091,161.214,52188300
2022-01-12,166.575,166.878,164.417,165.207,50029120
2022-01-11,161.5,166.35,160.702,165.362,62805580
2022-01-10,160.586,161.662,156.305,161.486,87798300
2022-01-07,163.839,165.243,162.031,162.554,46605900
2022-01-06,163.45,164.8,161.937,163.254,51957780
2022-01-05,166.883,167.126,164.357,164.357,64302720
2022-01-04,170.438,171.4,166.349,167.522,70725160
2022-01-03,167.55,170.704,166.16,170.404,63869140
2021-12-31,168.956,169.35,166.558,166.717,47830380
2021-12-30,169.7,170.888,168.524,168.644,37583100
2021-12-29,170.84,171.212,168.601,169.201,35754040
2021-12-28,170.182,172.176,169.136,170.661,54711860
2021-12-27,171.037,172.943,169.216,169.67,58846820
2021-12-23,170.428,171.975,170.15,171.068,36788240
2021-12-22,169.27,172.05,168.501,171.037,55035460
2021-12-21,167.85,170.716,165.647,170.417,55955820
2021-12-20,166.85,167.874,165.6,167.079,57372660
2021-12-17,167.71,170.898,165.614,170.017,85755160
2021-12-16,173.369,174.166,168.16,168.871,60876840
2021-12-15,168.598,173.6,165.195,173.315,75794260
2021-12-14,167.55,169.499,166.44,169.092,55975280
2021-12-13,172.0,172.1,169.13,169.568,62169000
2021-12-10,175.417,175.927,170.5,172.212,60689760
2021-12-09,175.75,176.969,174.14,174.171,46061820
2021-12-08,176.151,177.18,174.751,176.158,45253660
2021-12-07,174.6,177.499,173.334,176.164,66410720
2021-12-06,169.65,173.695,166.934,171.368,68860000
2021-12-03,172.75,173.493,166.93,169.49,80711000
2021-12-02,173.0,174.635,171.188,171.868,64725760
2021-12-01,177.25,177.994,172.08,172.186,75139900
2021-11-30,178.175,179.288,174.6,175.354,80022140
2021-11-29,177.382,179.8,176.575,178.079,65311140
2021-11-26,180.105,181.675,175.208,175.228,59825940
2021-11-24,178.134,180.682,176.842,179.02,46560360
2021-11-23,179.252,181.052,176.386,179.002,73844920
2021-11-22,183.819,185.673,178.375,178.628,96957000
2021-11-19,185.634,188.107,183.786,183.829,98924060
2021-11-18,178.318,185.21,178.05,184.803,114070760
2021-11-17,178.236,179.362,177.267,177.45,51205400
2021-11-16,176.95,178.825,176.257,177.035,44341420
2021-11-15,176.85,179.694,176.29,177.284,58594380
2021-11-12,174.25,177.036,172.353,176.258,53788680
2021-11-11,175.65,177.162,173.373,173.625,45288120
2021-11-10,178.194,180.272,173.154,174.103,80548440
2021-11-09,175.762,179.688,175.071,178.812,85898440
2021-11-08,176.162,178.95,174.393,174.449,61479840
2021-11-05,173.85,178.312,173.849,175.95,99939020
2021-11-04,168.5,174.931,168.25,173.85,107060400
2021-11-03,165.45,169.746,164.876,169.2,67943780
2021-11-02,165.751,166.556,164.178,165.638,52551800
2021-11-01,168.09,168.793,164.601,165.906,72177580
2021-10-29,165.001,168.741,163.666,168.622,129721540
2021-10-28,170.105,173.95,169.3,172.329,114174660
2021-10-27,169.4,171.85,168.573,169.624,54044480
2021-10-26,167.476,170.806,167.199,168.804,53966840
2021-10-25,166.75,167.39,164.885,166.018,44519120
2021-10-22,171.05,171.492,166.565,166.778,62781060
2021-10-21,170.712,172.014,170.15,171.751,37627700
2021-10-20,172.633,173.143,170.018,170.753,42795540
2021-10-19,171.714,172.734,171.1,172.208,47721580
2021-10-18,169.418,172.459,169.255,172.337,63482300
2021-10-15,165.571,170.521,165.2,170.451,103598820
2021-10-14,165.123,165.63,164.539,164.993,42240400
2021-10-13,163.486,164.419,163.054,164.214,48501720
2021-10-12,162.85,163.376,161.814,162.366,36391420
2021-10-11,163.75,164.629,161.905,162.315,40684060
2021-10-08,165.85,166.072,164.41,164.431,39964340
2021-10-07,164.577,166.287,164.153,165.122,48181500
2021-10-06,160.676,163.217,159.931,163.1,50659540
2021-10-05,160.225,163.036,160.123,161.05,65384160
2021-10-04,163.969,163.999,158.812,159.489,90461140
2021-10-01,164.45,165.459,162.797,164.163,56712340
2021-09-30,165.8,166.392,163.7,164.252,56940660
2021-09-29,166.106,167.565,164.894,165.056,51245360
2021-09-28,167.886,168.46,164.505,165.798,88616380
2021-09-27,168.575,170.778,166.98,170.29,72689000
2021-09-24,170.1,171.463,169.67,171.276,42324820
2021-09-23,169.002,171.448,169.002,170.8,47588280
2021-09-22,167.55,169.45,167.052,169.002,48228060
2021-09-21,168.75,168.985,166.62,167.182,55617560
2021-09-20,169.8,170.95,165.251,167.786,93382600
2021-09-17,174.421,174.87,172.606,173.126,92331120
2021-09-16,172.998,174.628,172.307,174.412,51671960
2021-09-15,172.126,174.271,170.1,173.79,59150740
2021-09-14,173.778,174.34,171.886,172.5,38737940
2021-09-13,174.14,174.898,171.9,172.858,51380440
2021-09-10,175.092,175.422,173.145,173.458,47945380
2021-09-09,176.301,177.499,174.018,174.208,54384820
2021-09-08,175.582,177.282,174.784,176.275,61067280
2021-09-07,173.9,176.404,173.847,175.464,54823680
2021-09-03,172.6,174.134,171.822,173.902,51566480
2021-09-02,174.738,175.598,172.75,173.156,58511880
2021-09-01,174.82,176.35,173.762,173.95,72598220
2021-08-31,171.24,173.629,169.78,173.54,87128260
2021-08-30,167.871,172.25,167.761,171.079,63844880
2021-08-27,166.662,167.616,165.688,167.482,48047380
2021-08-26,164.95,166.6,164.8,165.8,41975220
2021-08-25,165.493,166.05,164.308,164.959,33606120
2021-08-24,164.0,165.775,163.729,165.289,51036820
2021-08-23,160.595,164.045,160.5,163.294,65362620
2021-08-20,160.194,160.39,158.788,159.998,67168560
2021-08-19,159.701,161.65,159.123,159.388,75657240
2021-08-18,162.099,162.705,160.0,160.061,56086220
2021-08-17,163.875,164.024,161.284,162.098,67758440
2021-08-16,164.15,165.0,160.556,164.95,66569880
2021-08-13,165.284,165.303,164.15,164.698,41133980
2021-08-12,164.5,165.726,163.484,165.175,46476460
2021-08-11,166.572,166.885,163.89,164.606,58944980
2021-08-10,167.251,167.9,165.75,166.034,48251020
2021-08-09,167.18,167.744,166.426,167.094,42964400
2021-08-06,168.75,168.75,166.452,167.247,52752880
2021-08-05,167.811,169.45,167.046,168.8,48670060
2021-08-04,168.968,169.444,167.278,167.736,43678900
2021-08-03,167.036,169.55,164.988,168.312,83146860
2021-08-02,167.655,167.946,165.85,166.574,67078300
2021-07-30,167.397,168.407,165.349,166.38,199311860
2021-07-29,181.388,181.897,179.001,179.996,110399040
2021-07-28,181.689,182.921,180.05,181.516,59987560
2021-07-27,184.925,184.925,179.308,181.32,82637800
2021-07-26,183.658,185.604,182.362,184.991,58001360
2021-07-23,182.0,183.306,181.102,182.832,48725840
2021-07-22,179.362,182.001,179.114,181.902,65307040
2021-07-21,178.819,179.322,177.182,179.26,46379780
2021-07-20,178.366,179.6,175.9,178.66,65113600
2021-07-19,176.629,177.51,174.958,177.48,75691900
2021-07-16,181.666,182.303,178.523,178.682,80874120
2021-07-15,184.71,184.77,181.046,181.56,63705840
2021-07-14,185.442,185.883,183.041,184.084,65931360
2021-07-13,185.105,188.654,183.566,183.868,76918340
2021-07-12,187.2,187.864,184.84,185.928,51432700
2021-07-09,186.126,187.4,184.67,185.967,74964740
2021-07-08,182.178,187.999,181.056,186.57,103612460
2021-07-07,185.869,186.71,183.945,184.829,106561240
2021-07-06,176.506,184.274,176.45,183.787,134895360
2021-07-02,172.582,175.586,171.846,175.549,63533940
2021-07-01,171.73,172.85,170.471,171.648,40741060
2021-06-30,172.053,173.58,171.75,172.008,48079840
2021-06-29,171.941,172.802,171.152,172.407,41968780
2021-06-28,170.8,172.4,170.675,172.194,44855860
2021-06-25,173.2,173.241,169.709,170.073,78819940
2021-06-24,175.382,176.243,171.542,172.454,76639980
2021-06-23,175.25,176.05,174.16,175.191,56266820
2021-06-22,172.903,176.189,172.805,175.272,66901640
2021-06-21,173.821,174.1,171.7,172.698,65542600
2021-06-18,173.999,175.35,173.686,174.345,104954740
2021-06-17,170.159,174.86,170.05,174.462,102730620
2021-06-16,169.6,171.318,168.026,170.762,84055640
2021-06-15,169.2,169.849,168.156,169.156,48524000
2021-06-14,167.342,169.25,166.775,169.194,51393100
2021-06-11,167.483,168.329,166.672,167.342,56347040
2021-06-10,164.1,167.55,164.058,167.483,69529600
2021-06-09,163.644,164.879,163.535,164.058,49110600
2021-06-08,161.13,163.977,160.901,163.206,68334600
2021-06-07,159.866,160.4,158.61,159.901,44315120
2021-06-04,160.6,161.05,159.94,160.311,44994980
2021-06-03,160.212,160.722,159.202,159.35,47965860
2021-06-02,161.155,161.75,160.4,161.7,40290480
2021-06-01,162.175,162.549,160.453,160.932,48600900
2021-05-28,162.1,162.4,160.985,161.154,46630180
2021-05-27,162.8,163.018,161.502,161.506,51223140
2021-05-26,163.73,164.786,162.926,163.258,47679720
2021-05-25,163.334,163.991,160.688,162.953,65222180
2021-05-24,160.775,162.897,160.525,162.249,48456260
2021-05-21,162.5,162.835,159.85,160.154,82097640
2021-05-20,162.22,162.984,161.809,162.384,52663840
2021-05-19,159.75,161.738,159.2,161.59,53594160
2021-05-18,164.629,165.6,161.518,161.614,56567820
2021-05-17,162.296,164.638,161.73,163.52,74478500
2021-05-14,159.278,161.443,159.15,161.145,66500440
2021-05-13,159.273,160.192,156.65,158.074,67137540
2021-05-12,159.25,160.397,156.655,157.597,98728200
2021-05-11,156.814,161.9,156.368,161.195,92395620
2021-05-10,164.116,164.15,159.5,159.524,116772060
2021-05-07,165.954,166.544,164.454,164.58,94205520
2021-05-06,163.5,165.72,162.36,165.318,88953920
2021-05-05,166.943,167.735,163.218,163.527,74226160
2021-05-04,167.81,168.399,163.606,165.594,108788980
2021-05-03,174.236,174.332,168.635,169.324,117510600
2021-04-30,176.256,177.7,173.125,173.371,140186920
2021-04-29,175.255,175.722,171.75,173.566,153647620
2021-04-28,171.74,174.494,171.25,172.925,92637680
2021-04-27,172.174,173.0,169.901,170.872,76542800
2021-04-26,167.4,171.422,166.547,170.45,97614160
2021-04-23,165.955,168.75,165.425,167.044,63933040
2021-04-22,168.584,168.644,165.072,165.452,51611800
2021-04-21,165.8,168.143,165.19,168.101,44223320
2021-04-20,168.68,169.15,165.8,166.734,52460640
2021-04-19,169.516,171.797,168.008,168.6,54508100
2021-04-16,169.0,170.34,167.78,169.972,63720980
2021-04-15,168.55,169.85,167.6,168.954,64671600
2021-04-14,170.202,170.206,166.3,166.65,62904080
2021-04-13,170.042,171.6,169.782,170.0,66316740
2021-04-12,167.76,169.752,167.558,168.969,65635960
2021-04-09,165.235,168.61,164.445,168.61,86829460
2021-04-08,165.545,166.225,164.6,164.965,56241800
2021-04-07,161.69,165.181,161.182,163.969,66924540
2021-04-06,161.188,162.366,160.852,161.191,50756180
2021-04-05,158.65,161.798,158.062,161.336,66697640
2021-04-01,155.897,158.122,155.778,158.05,58806360
2021-03-31,153.203,155.966,153.125,154.704,61877920
2021-03-30,153.501,153.65,151.7,152.764,46752060
2021-03-29,152.772,154.562,151.422,153.786,54919360
2021-03-26,152.203,152.833,149.8,152.602,66258480
2021-03-25,153.65,155.489,151.857,152.313,71269380
2021-03-24,157.552,158.016,154.258,154.354,59179620
2021-03-23,156.35,159.1,156.043,156.875,76345260
2021-03-22,153.392,156.329,153.002,155.544,58043580
2021-03-19,151.462,153.864,150.832,153.748,92507080
2021-03-18,155.05,155.832,151.25,151.4,73140540
2021-03-17,153.661,158.652,153.511,156.786,62371680
2021-03-16,155.248,156.445,153.793,154.593,50775280
2021-03-15,153.728,154.112,151.604,154.084,58371840
2021-03-12,153.75,154.949,152.275,154.474,48437760
2021-03-11,155.2,156.589,154.146,155.68,55527820
2021-03-10,154.922,155.823,151.502,152.882,60249780
2021-03-09,150.9,154.548,150.257,153.142,80600640
2021-03-08,150.75,153.23,147.566,147.598,83700160
2021-03-05,150.25,150.45,144.05,150.023,107771020
2021-03-04,150.6,152.906,147.272,148.878,109631560
2021-03-03,154.059,155.389,149.75,150.25,79774500
2021-03-02,157.174,158.176,154.356,154.727,51915240
2021-03-01,156.394,157.478,154.9,157.307,54679260
2021-02-26,154.76,156.122,151.835,154.646,85518600
2021-02-25,156.837,158.913,152.388,152.858,90676020
2021-02-24,158.338,158.562,156.269,157.977,60225500
2021-02-23,156.551,160.236,154.68,159.725,93348020
2021-02-22,160.406,161.616,158.613,159.037,70313580
2021-02-19,166.412,166.675,162.288,162.495,86103680
2021-02-18,164.121,166.9,163.697,166.412,60672140
2021-02-17,163.18,166.046,162.975,165.432,66041980
2021-02-16,162.703,165.415,162.68,163.448,51494420
2021-02-12,162.5,164.012,161.666,163.886,46706780
2021-02-11,164.6,164.6,162.403,163.106,46028340
2021-02-10,165.7,165.898,162.7,164.329,63031000
2021-02-09,165.624,166.9,164.892,165.25,44070520
2021-02-08,167.925,168.25,165.2,166.147,65147820
2021-02-05,165.95,168.85,165.136,167.608,72416160
2021-02-04,166.5,167.35,163.888,166.55,73413220
2021-02-03,171.251,171.7,165.431,165.627,141775620
2021-02-02,169.0,171.387,168.056,169.0,141972740
2021-02-01,162.118,167.513,161.751,167.144,83204240
2021-01-29,161.5,161.849,159.228,160.31,85871120
2021-01-28,161.752,165.084,161.434,161.881,62984560
2021-01-27,167.074,167.326,160.354,161.629,93203160
2021-01-26,164.818,166.9,164.144,166.306,59104700
2021-01-25,166.425,168.194,162.157,164.7,74995160
2021-01-22,165.216,166.096,164.158,164.612,56438280
2021-01-21,164.65,167.428,164.478,165.349,98901020
2021-01-20,159.099,163.99,158.75,163.169,106196700
2021-01-19,155.35,157.25,154.8,156.038,66102840
2021-01-15,156.151,157.127,154.758,155.212,84879900
2021-01-14,158.376,158.9,156.03,156.373,61418380
2021-01-13,156.422,159.498,156.104,158.294,66424880
2021-01-12,156.0,157.107,154.3,156.041,70291640
2021-01-11,157.401,157.819,155.5,155.71,73381900
2021-01-08,159.0,159.532,157.11,159.135,70754880
2021-01-07,157.85,160.427,157.75,158.108,70290900
2021-01-06,157.324,159.875,156.558,156.919,87896300
2021-01-05,158.3,161.169,158.253,160.926,53110960
2021-01-04,163.5,163.6,157.201,159.332,88228980
